x,y_hyd,y_fso,y_wat
0.005,0.0,0.0,0.0
0.015,0.0,0.0,0.0
0.025,0.0,0.0,0.0
0.035,0.0,0.0,0.0
0.045,0.0,0.0,0.0
0.055,0.0,0.0,0.0
0.065,0.0,0.0,0.0
0.07500000000000001,0.0,0.0,0.0
0.08499999999999999,0.0,0.0,0.0
0.095,0.0,0.0,0.0
0.10500000000000001,0.0,0.0,0.0
0.11499999999999999,0.0,0.0,0.0
0.125,0.0,0.0,0.0
0.135,0.0,0.0,0.0
0.14500000000000002,0.0,0.0,0.0
0.155,0.0,0.0,0.0
0.165,0.0,0.0,0.0
0.175,0.0,0.0,0.0
0.185,0.0,0.0,0.0
0.195,0.0,0.0,0.0
0.20500000000000002,0.0,0.0,0.0
0.215,0.0,0.0,0.0
0.225,0.0,0.0,0.0
0.235,0.0,0.0,0.0
0.245,0.0,0.0,0.0
0.255,0.0,0.0,0.0
0.265,0.0,0.0,0.0
0.275,0.0,0.0,0.0
0.28500000000000003,0.0,0.0,0.0
0.295,0.0,0.0,0.0
0.305,0.0,0.0,0.0
0.315,0.0,0.0,0.0
0.325,0.0,0.0,0.0
0.335,0.0,0.0,0.0
0.34500000000000003,0.0,0.0,0.0
0.355,0.0,0.0,0.0
0.365,0.0,0.0,0.0
0.375,0.0,0.0,0.0
0.385,0.0,0.0,0.0
0.395,0.0,0.0,0.0
0.405,0.0,0.0,0.0
0.41500000000000004,0.0,0.0,0.0
0.425,0.0,0.0,0.0
0.435,0.0,0.0,0.0
0.445,0.0,0.0,0.0
0.455,0.0,0.0,0.0
0.465,0.0,0.0,0.0
0.475,0.0,0.0,0.0
0.485,0.0,0.0,0.0
0.495,0.0,0.0,0.0
0.505,0.0,0.0,0.0
0.515,0.0,0.0,0.0
0.525,0.0,0.0,0.0
0.535,0.0,0.0,0.0
0.545,0.0,0.0,0.0
0.555,0.0,0.0,0.0
0.5650000000000001,0.0,0.0,0.0
0.575,0.0,0.0,0.0
0.585,0.0,0.0,0.0
0.595,0.0,0.0,0.0
0.605,0.0,0.0,0.0
0.615,0.0,0.0,0.0
0.625,0.0,0.0,0.0
0.635,0.0,0.0,0.0
0.645,0.0,0.0,0.0
0.655,0.0,0.0,0.0
0.665,0.0,0.0,0.0
0.675,0.0,0.0,0.0
0.685,0.0,0.0,0.0
0.6950000000000001,0.0,0.0,0.0
0.7050000000000001,0.0,0.0,0.0
0.715,0.0,0.0,0.0
0.725,0.0,0.0,0.0
0.735,0.0,0.0,0.0
0.745,0.0,0.0,0.0
0.755,0.0,0.0,0.0
0.765,0.0,0.0,0.0
0.775,0.0,0.0,0.0
0.785,0.0,0.0,0.0
0.795,0.0,0.0,0.0
0.805,0.0,0.0,0.0
0.8150000000000001,0.0,0.0,0.0
0.8250000000000001,0.0,0.0,0.0
0.835,0.0,0.0,0.0
0.845,0.0,0.0,0.0
0.855,0.0,0.0,0.0
0.865,0.0,0.0,0.0
0.875,0.0,0.0,0.0
0.885,0.0,0.0,0.0
0.895,0.0,0.0,0.0
0.905,0.0,0.0,0.0
0.915,0.0,0.0,0.0
0.925,0.0,0.0,0.0
0.935,0.0,0.0,0.0
0.9450000000000001,0.0,0.0,0.0
0.9550000000000001,0.0,0.0,0.0
0.965,0.0,0.0,0.0
0.975,0.0,0.0,0.0
0.985,0.0,0.0,0.0
0.995,0.0,0.0,0.0
1.005,0.0,0.0,0.0
1.0150000000000001,0.0,0.0,0.0
1.025,0.0,0.0,8.901391606871058e-07
1.0350000000000001,0.0,0.0,1.8346379647749511e-06
1.045,0.0,0.0,3.0441400304414002e-06
1.0550000000000002,0.0,0.0,6.1086649271580775e-06
1.065,0.0,0.0,1.1714503152859317e-05
1.0750000000000002,0.0,0.0,2.0609099804305285e-05
1.085,0.0,4.566210045662101e-06,2.7512774516199175e-05
1.0950000000000002,0.0,0.0,4.0620243531202434e-05
1.105,0.0,0.0,5.672428788867145e-05
1.1150000000000002,0.0,0.0,7.309333550771907e-05
1.125,0.0,1.7123287671232877e-06,9.772504892367906e-05
1.1350000000000002,0.0,1.1415525114155251e-06,0.0001281324744509676
1.145,0.0,1.1415525114155251e-06,0.00016375163078930202
1.155,0.0,1.1415525114155251e-06,0.0002148089258534464
1.165,0.0,9.703196347031963e-06,0.0002680066318764949
1.1749999999999998,0.0,1.7123287671232875e-05,0.00033425065231572083
1.185,0.0,1.769406392694064e-05,0.00041751603609480324
1.1949999999999998,0.0,3.1963470319634704e-05,0.0005000407697325506
1.205,0.0,5.536529680365297e-05,0.0006004090563165906
1.2149999999999999,0.0,6.164383561643835e-05,0.0007155903457273321
1.225,0.0,5.479452054794521e-05,0.0008427647314633616
1.2349999999999999,0.0,6.906392694063928e-05,0.0010002310284844532
1.245,0.0,7.648401826484018e-05,0.0011587437486410088
1.255,0.0,0.00011015981735159817,0.0013244727114590127
1.2650000000000001,0.0,0.00013184931506849315,0.0015060203305066319
1.275,0.0,0.00014897260273972603,0.001725884703196347
1.2850000000000001,0.0,0.00016723744292237443,0.0019474410197869102
1.295,0.0,0.0002100456621004566,0.00219965617525549
1.3050000000000002,0.0,0.00023116438356164383,0.0024812119482496195
1.315,0.0,0.00027511415525114156,0.0027539206892802782
1.3250000000000002,0.0,0.0003184931506849315,0.0030591704718417045
1.335,0.0,0.00045947488584474887,0.003384777940856708
1.3450000000000002,0.0,0.00043949771689497715,0.0037298325722983257
1.355,0.0,0.0005079908675799087,0.004120365840400087
1.3650000000000002,0.0,0.0005450913242009132,0.004502480158730159
1.375,0.0,0.0007094748858447489,0.0048999171015438134
1.3850000000000002,0.0,0.0007602739726027398,0.005305888508371385
1.395,0.0,0.0008521689497716895,0.005773449391171994
1.405,0.0,0.000908675799086758,0.006246398673624701
1.415,0.0,0.0010399543378995435,0.006687119482496195
1.4249999999999998,0.0,0.0012482876712328766,0.007191638127853881
1.435,0.0,0.0013105022831050228,0.007663445857795173
1.4449999999999998,0.0,0.0014440639269406392,0.00813784926070885
1.455,0.0,0.0016632420091324202,0.008641036094803219
1.4649999999999999,0.0,0.001898972602739726,0.009180671069797782
1.475,0.0,0.0020062785388127854,0.009643869591215482
1.4849999999999999,0.0,0.0021472602739726026,0.010192168134377039
1.495,0.0,0.0024286529680365297,0.01070698113720374
1.505,0.0,0.002601027397260274,0.01120216351380735
1.5150000000000001,0.0,0.0027819634703196345,0.011704589312894108
1.525,0.0,0.0029297945205479453,0.012193445585996956
1.5350000000000001,0.0,0.003230593607305936,0.012657133344205262
1.545,0.0,0.0035154109589041094,0.013119156338334421
1.5550000000000002,0.0,0.003667808219178082,0.01357393590998043
1.565,0.0,0.003962328767123288,0.014012061045879539
1.5750000000000002,0.0,0.004306506849315069,0.01443564497716895
1.585,0.0,0.004621004566210046,0.014880198140900195
1.5950000000000002,0.0,0.0048909817351598175,0.015276955588171342
1.605,0.0,0.00520148401826484,0.015626114372689716
1.6150000000000002,0.0,0.005484018264840183,0.015947257555990434
1.625,0.0,0.005890410958904109,0.016212362741900414
1.6350000000000002,0.0,0.0063544520547945205,0.016506781365514242
1.645,0.0,0.0065610730593607305,0.01673891063274625
1.6550000000000002,0.0,0.006792237442922375,0.016996140465318547
1.665,0.0,0.007324771689497717,0.017152628288758427
1.6749999999999998,1.7123287671232877e-06,0.007685502283105023,0.017295431071972168
1.685,0.0,0.00823173515981735,0.017436902043922592
1.6949999999999998,0.0,0.008577625570776256,0.017515533268101763
1.705,0.0,0.008992009132420091,0.01758893237660361
1.7149999999999999,0.0,0.009070205479452054,0.017598662752772342
1.725,0.0,0.009466324200913243,0.01760139432485323
1.7349999999999999,6.849315068493151e-06,0.00979851598173516,0.017547938410524027
1.745,3.938356164383562e-05,0.010003424657534246,0.017457660632746248
1.755,2.910958904109589e-05,0.010536529680365296,0.017335976570993693
1.7650000000000001,2.910958904109589e-05,0.010925228310502282,0.017219932322243964
1.775,5.136986301369863e-05,0.011085616438356165,0.017070151119808655
1.7850000000000001,6.678082191780822e-05,0.011457762557077625,0.016878662480974124
1.795,8.904109589041096e-05,0.011875,0.01664187866927593
1.8050000000000002,9.58904109589041e-05,0.012421232876712329,0.016395384866275276
1.815,0.0001113013698630137,0.012608447488584475,0.016119978527940858
1.8250000000000002,0.00013356164383561644,0.01291095890410959,0.015815034518373558
1.835,0.00010445205479452055,0.013258561643835617,0.01553461350293542
1.8450000000000002,0.00011301369863013699,0.013501141552511416,0.015209359371602522
1.855,0.00011301369863013699,0.014054794520547946,0.014835004892367906
1.8650000000000002,0.00014383561643835615,0.014235159817351599,0.014505972765818656
1.875,0.00019863013698630136,0.014351598173515981,0.014123926397042835
1.8850000000000002,0.0002534246575342466,0.014416095890410959,0.01372878614916286
1.895,0.00023458904109589042,0.01464497716894977,0.013291034735812134
1.9050000000000002,0.0002773972602739726,0.01478824200913242,0.01287833632311372
1.915,0.00033732876712328766,0.014812214611872146,0.012462301587301588
1.9249999999999998,0.0004297945205479452,0.014921803652968036,0.012052069743422484
1.935,0.0005376712328767124,0.01509703196347032,0.011601632148293108
1.9449999999999998,0.0004965753424657534,0.01508162100456621,0.01113747553816047
1.955,0.0006164383561643835,0.015093607305936074,0.010688118340943683
1.9649999999999999,0.0007345890410958904,0.015033675799086758,0.010283927212437486
1.975,0.0008270547945205479,0.015212328767123287,0.009817929169384648
1.9849999999999999,0.0011695205479452055,0.015072488584474885,0.009399203631224179
1.995,0.0012003424657534246,0.014871004566210046,0.008968253968253969
2.005,0.0013613013698630138,0.015033675799086758,0.008558239562948468
2.015,0.0015496575342465754,0.014876141552511416,0.00814196020874103
2.0250000000000004,0.0017482876712328766,0.014760844748858448,0.007707178190911068
2.035,0.0018202054794520548,0.014695205479452056,0.007319634703196347
2.045,0.0021027397260273972,0.014460616438356165,0.006924847792998478
2.0549999999999997,0.0024075342465753424,0.014304223744292237,0.006520860513155034
2.065,0.0026575342465753426,0.013784817351598174,0.0061618150684931506
2.075,0.0029554794520547946,0.013495433789954337,0.0058010708849749945
2.085,0.003398972602739726,0.013611872146118722,0.005452306207871276
2.0949999999999998,0.003530821917808219,0.013131278538812786,0.0051246194824961944
2.105,0.0036866438356164383,0.013347602739726027,0.004798135464231355
2.115,0.004243150684931507,0.013118150684931508,0.00449262067840835
2.125,0.004469178082191781,0.012652968036529681,0.004188356164383561
2.135,0.0047996575342465755,0.012263698630136986,0.003917053979125897
2.145,0.0052910958904109585,0.012103310502283105,0.003649264785823005
2.1550000000000002,0.005753424657534247,0.011785388127853881,0.0033916068710589256
2.165,0.006361301369863014,0.011533675799086759,0.003153756251358991
2.175,0.006751712328767123,0.011119292237442922,0.0029284151445966512
2.185,0.0070582191780821915,0.010909246575342466,0.002693377636442705
2.1950000000000003,0.007710616438356165,0.010619292237442922,0.0024987769080234835
2.205,0.008251712328767122,0.010122716894977169,0.0023039519460752336
2.215,0.008664383561643835,0.009956050228310502,0.002113530115242444
2.225,0.009323630136986302,0.009464611872146119,0.0019408295281582953
2.2350000000000003,0.009707191780821918,0.009125570776255709,0.001775664546640574
2.245,0.01021404109589041,0.008955479452054795,0.0016250135899108502
2.255,0.010842465753424657,0.008621575342465753,0.001487143944335725
2.265,0.011827054794520548,0.00839783105022831,0.001357577734290063
2.2750000000000004,0.012410958904109589,0.008075342465753425,0.0012371235594694498
2.285,0.01278595890410959,0.007844178082191781,0.001121616112198304
2.295,0.013539383561643836,0.007545091324200913,0.0010236600347901718
2.305,0.01408904109589041,0.0070976027397260276,0.0009182091215481626
2.315,0.01476027397260274,0.00677796803652968,0.0008320219069362905
2.325,0.015147260273972602,0.006647260273972603,0.0007566522613611655
2.335,0.015679794520547945,0.006355593607305936,0.0006822610893672537
2.3449999999999998,0.015763698630136987,0.00615810502283105,0.0006175527288540988
2.355,0.016732876712328766,0.005871575342465753,0.0005516416612307023
2.365,0.01748972602739726,0.005456050228310502,0.0004892911502500544
2.375,0.01804623287671233,0.0050622146118721465,0.00044012964774951075
2.385,0.018272260273972604,0.0050976027397260275,0.00039914247662535334
2.395,0.01819178082191781,0.0048407534246575346,0.0003571700369645575
2.4050000000000002,0.018981164383561643,0.004489155251141553,0.00031719531419873885
2.415,0.01920719178082192,0.004344178082191781,0.0002825886062187432
2.425,0.019378424657534248,0.004070776255707762,0.0002462967492933246
2.435,0.019416095890410958,0.003980593607305936,0.00021833550771906937
2.4450000000000003,0.019748287671232878,0.0037049086757990866,0.00019721678625788216
2.455,0.020164383561643837,0.0034726027397260274,0.00016955452272233095
2.465,0.02061986301369863,0.003339041095890411,0.00015485703413785606
2.475,0.0205,0.0030519406392694065,0.00013401011089367253
2.4850000000000003,0.020840753424657535,0.0029372146118721463,0.00011529680365296804
2.495,0.020477739726027396,0.00283162100456621,0.00010142829963035443
2.505,0.020587328767123287,0.002622146118721461,8.921776473146336e-05
2.515,0.020712328767123287,0.00246175799086758,7.746928680147858e-05
2.5250000000000004,0.02010958904109589,0.0023476027397260272,6.624402043922591e-05
2.535,0.020409246575342467,0.0022031963470319636,5.872200478364862e-05
2.545,0.01977054794520548,0.0020513698630136986,5.170281582952816e-05
2.555,0.01948972602739726,0.0020182648401826484,4.511170906718852e-05
2.565,0.019710616438356164,0.0019263698630136985,3.7881876494890195e-05
2.575,0.018580479452054793,0.001721461187214612,3.2248858447488584e-05
2.585,0.017763698630136986,0.0016438356164383563,2.8396118721461187e-05
2.5949999999999998,0.017142123287671233,0.0015513698630136986,2.4815177212437486e-05
2.605,0.01693150684931507,0.0013590182648401826,2.1424494455316372e-05
2.615,0.016174657534246576,0.0013276255707762557,1.740867579908676e-05
2.625,0.015070205479452054,0.0012254566210045661,1.4439280278321373e-05
2.635,0.014806506849315068,0.0010856164383561645,1.2196944988040879e-05
2.645,0.013854452054794521,0.0010205479452054795,1.0355512067840834e-05
2.6550000000000002,0.013655821917808219,0.0009646118721461188,9.444988040878451e-06
2.665,0.01290582191780822,0.0009389269406392694,7.820993694281366e-06
2.675,0.012198630136986301,0.000867579908675799,6.563926940639269e-06
2.685,0.01138527397260274,0.0008162100456621005,5.442759295499022e-06
2.6950000000000003,0.010847602739726027,0.0007728310502283105,4.430310937160253e-06
2.705,0.01036986301369863,0.000718607305936073,3.83235485975212e-06
2.715,0.00916609589041096,0.0006113013698630137,3.4926070884974994e-06
2.725,0.00858904109589041,0.0005861872146118722,2.738367036312242e-06
2.7350000000000003,0.008099315068493151,0.0005256849315068493,2.3646444879321592e-06
2.745,0.0073767123287671234,0.0005062785388127854,1.8889976081756903e-06
2.755,0.006636986301369863,0.0004149543378995434,1.7463035442487497e-06
2.765,0.006325342465753425,0.0004126712328767123,1.2298869319417266e-06
2.7750000000000004,0.005919520547945206,0.0003504566210045662,1.372580995868667e-06
2.785,0.005321917808219178,0.00034817351598173516,1.1075777342900632e-06
2.795,0.004796232876712329,0.0002928082191780822,1.0600130463144162e-06
2.805,0.004094178082191781,0.00025057077625570775,7.066753642096107e-07
2.815,0.003852739726027397,0.00023515981735159816,7.27060230484888e-07
2.825,0.003768835616438356,0.00020034246575342465,6.93085453359426e-07
2.835,0.003053082191780822,0.00016609589041095891,3.737225483800826e-07
2.8449999999999998,0.002695205479452055,0.00016609589041095891,2.446183953033268e-07
2.855,0.0022945205479452057,0.00016495433789954337,2.1743857360295715e-07
2.865,0.002034246575342466,0.00014383561643835615,2.1743857360295715e-07
2.875,0.0019434931506849315,0.00013641552511415526,1.4269406392694064e-07
2.885,0.001631849315068493,9.360730593607307e-05,1.5628397477712548e-07
2.895,0.001434931506849315,9.988584474885845e-05,1.4269406392694064e-07
2.9050000000000002,0.001267123287671233,9.075342465753425e-05,1.9025875190258752e-07
2.915,0.0010239726027397261,9.988584474885845e-05,1.7666884105240268e-07
2.925,0.0009708904109589041,8.504566210045662e-05,5.435964340073929e-08
2.935,0.0009280821917808219,7.191780821917808e-05,5.435964340073929e-08
2.9450000000000003,0.0008356164383561644,4.737442922374429e-05,2.7179821700369644e-08
2.955,0.0006455479452054794,4.394977168949772e-05,3.397477712546206e-08
2.965,0.0005958904109589041,3.481735159817352e-05,3.397477712546206e-08
2.975,0.00047431506849315066,3.595890410958904e-05,1.3589910850184822e-08
2.9850000000000003,0.0003595890410958904,3.7100456621004565e-05,6.794955425092411e-09
2.995,0.0003595890410958904,3.595890410958904e-05,1.3589910850184822e-08
3.005,0.0003202054794520548,2.7968036529680367e-05,1.3589910850184822e-08
3.015,0.00023801369863013698,2.6255707762557077e-05,1.3589910850184822e-08
3.0250000000000004,0.0002636986301369863,1.541095890410959e-05,2.0384866275277235e-08
3.035,0.00025,1.6552511415525115e-05,2.7179821700369644e-08
3.045,0.00017465753424657536,1.769406392694064e-05,0.0
3.055,0.00015924657534246574,1.4840182648401827e-05,0.0
3.0650000000000004,8.047945205479452e-05,1.3698630136986302e-05,0.0
3.075,6.164383561643835e-05,9.132420091324201e-06,0.0
3.085,5.993150684931507e-05,9.132420091324201e-06,0.0
3.0949999999999998,3.767123287671233e-05,1.1415525114155251e-05,0.0
3.105,4.280821917808219e-05,5.136986301369863e-06,0.0
3.115,1.541095890410959e-05,6.278538812785388e-06,0.0
3.125,2.0547945205479453e-05,3.4246575342465754e-06,0.0
3.135,1.7123287671232875e-05,2.853881278538813e-06,0.0
3.145,5.136986301369863e-06,3.4246575342465754e-06,0.0
3.1550000000000002,5.136986301369863e-06,3.4246575342465754e-06,0.0
3.165,1.1986301369863013e-05,5.707762557077626e-07,0.0
3.175,8.561643835616438e-06,5.707762557077626e-07,0.0
3.185,3.4246575342465754e-06,5.707762557077626e-07,0.0
3.1950000000000003,8.561643835616438e-06,5.707762557077626e-07,0.0
3.205,3.4246575342465754e-06,5.707762557077626e-07,0.0
3.215,5.136986301369863e-06,5.707762557077626e-07,0.0
3.225,6.849315068493151e-06,0.0,0.0
3.2350000000000003,5.136986301369863e-06,0.0,0.0
3.245,1.0273972602739726e-05,0.0,0.0
3.255,8.561643835616438e-06,5.707762557077626e-07,0.0
3.265,8.561643835616438e-06,0.0,0.0
3.2750000000000004,1.0273972602739726e-05,0.0,0.0
3.285,1.7123287671232877e-06,0.0,0.0
3.295,3.4246575342465754e-06,0.0,0.0
3.305,8.561643835616438e-06,0.0,0.0
3.3150000000000004,0.0,0.0,0.0
3.325,0.0,0.0,0.0
3.335,0.0,0.0,0.0
3.3449999999999998,0.0,0.0,0.0
3.355,0.0,0.0,0.0
3.365,0.0,0.0,0.0
3.375,0.0,0.0,0.0
3.385,0.0,0.0,0.0
3.395,0.0,0.0,0.0
3.4050000000000002,0.0,0.0,0.0
3.415,0.0,0.0,0.0
3.425,0.0,0.0,0.0
3.435,0.0,0.0,0.0
3.4450000000000003,0.0,0.0,0.0
3.455,0.0,0.0,0.0
3.465,0.0,0.0,0.0
3.475,0.0,0.0,0.0
3.4850000000000003,0.0,0.0,0.0
3.495,0.0,0.0,0.0
3.505,0.0,0.0,0.0
3.515,0.0,0.0,0.0
3.5250000000000004,0.0,0.0,0.0
3.535,0.0,0.0,0.0
3.545,0.0,0.0,0.0
3.555,0.0,0.0,0.0
3.5650000000000004,0.0,0.0,0.0
3.575,0.0,0.0,0.0
3.585,0.0,0.0,0.0
3.5949999999999998,0.0,0.0,0.0
3.605,0.0,0.0,0.0
3.615,0.0,0.0,0.0
3.625,0.0,0.0,0.0
3.635,0.0,0.0,0.0
3.645,0.0,0.0,0.0
3.6550000000000002,0.0,0.0,0.0
3.665,0.0,0.0,0.0
3.675,0.0,0.0,0.0
3.685,0.0,0.0,0.0
3.6950000000000003,0.0,0.0,0.0
3.705,0.0,0.0,0.0
3.715,0.0,0.0,0.0
3.725,0.0,0.0,0.0
3.7350000000000003,0.0,0.0,0.0
3.745,0.0,0.0,0.0
3.755,0.0,0.0,0.0
3.765,0.0,0.0,0.0
3.7750000000000004,0.0,0.0,0.0
3.785,0.0,0.0,0.0
3.795,0.0,0.0,0.0
3.805,0.0,0.0,0.0
3.8150000000000004,0.0,0.0,0.0
3.825,0.0,0.0,0.0
3.835,0.0,0.0,0.0
3.8449999999999998,0.0,0.0,0.0
3.855,0.0,0.0,0.0
3.865,0.0,0.0,0.0
3.875,0.0,0.0,0.0
3.885,0.0,0.0,0.0
3.895,0.0,0.0,0.0
3.9050000000000002,0.0,0.0,0.0
3.915,0.0,0.0,0.0
3.925,0.0,0.0,0.0
3.935,0.0,0.0,0.0
3.9450000000000003,0.0,0.0,0.0
3.955,0.0,0.0,0.0
3.965,0.0,0.0,0.0
3.975,0.0,0.0,0.0
3.9850000000000003,0.0,0.0,0.0
3.995,0.0,0.0,0.0
4.005,0.0,0.0,0.0
4.015000000000001,0.0,0.0,0.0
4.025,0.0,0.0,0.0
4.035,0.0,0.0,0.0
4.045,0.0,0.0,0.0
4.055,0.0,0.0,0.0
4.065,0.0,0.0,0.0
4.075,0.0,0.0,0.0
4.085,0.0,0.0,0.0
4.095,0.0,0.0,0.0
4.105,0.0,0.0,0.0
4.115,0.0,0.0,0.0
4.125,0.0,0.0,0.0
4.135,0.0,0.0,0.0
4.145,0.0,0.0,0.0
4.155,0.0,0.0,0.0
4.165,0.0,0.0,0.0
4.175,0.0,0.0,0.0
4.1850000000000005,0.0,0.0,0.0
4.195,0.0,0.0,0.0
4.205,0.0,0.0,0.0
4.215,0.0,0.0,0.0
4.225,0.0,0.0,0.0
4.235,0.0,0.0,0.0
4.245,0.0,0.0,0.0
4.255,0.0,0.0,0.0
4.265000000000001,0.0,0.0,0.0
4.275,0.0,0.0,0.0
4.285,0.0,0.0,0.0
4.295,0.0,0.0,0.0
4.305,0.0,0.0,0.0
4.315,0.0,0.0,0.0
4.325,0.0,0.0,0.0
4.335,0.0,0.0,0.0
4.345000000000001,0.0,0.0,0.0
4.355,0.0,0.0,0.0
4.365,0.0,0.0,0.0
4.375,0.0,0.0,0.0
4.385,0.0,0.0,0.0
4.395,0.0,0.0,0.0
4.405,0.0,0.0,0.0
4.415,0.0,0.0,0.0
4.425,0.0,0.0,0.0
4.4350000000000005,0.0,0.0,0.0
4.445,0.0,0.0,0.0
4.455,0.0,0.0,0.0
4.465,0.0,0.0,0.0
4.475,0.0,0.0,0.0
4.485,0.0,0.0,0.0
4.495,0.0,0.0,0.0
4.505,0.0,0.0,0.0
4.515000000000001,0.0,0.0,0.0
4.525,0.0,0.0,0.0
4.535,0.0,0.0,0.0
4.545,0.0,0.0,0.0
4.555,0.0,0.0,0.0
4.565,0.0,0.0,0.0
4.575,0.0,0.0,0.0
4.585,0.0,0.0,0.0
4.595000000000001,0.0,0.0,0.0
4.605,0.0,0.0,0.0
4.615,0.0,0.0,0.0
4.625,0.0,0.0,0.0
4.635,0.0,0.0,0.0
4.645,0.0,0.0,0.0
4.655,0.0,0.0,0.0
4.665,0.0,0.0,0.0
4.675,0.0,0.0,0.0
4.6850000000000005,0.0,0.0,0.0
4.695,0.0,0.0,0.0
4.705,0.0,0.0,0.0
4.715,0.0,0.0,0.0
4.725,0.0,0.0,0.0
4.735,0.0,0.0,0.0
4.745,0.0,0.0,0.0
4.755,0.0,0.0,0.0
4.765000000000001,0.0,0.0,0.0
4.775,0.0,0.0,0.0
4.785,0.0,0.0,0.0
4.795,0.0,0.0,0.0
4.805,0.0,0.0,0.0
4.815,0.0,0.0,0.0
4.825,0.0,0.0,0.0
4.835,0.0,0.0,0.0
4.845000000000001,0.0,0.0,0.0
4.855,0.0,0.0,0.0
4.865,0.0,0.0,0.0
4.875,0.0,0.0,0.0
4.885,0.0,0.0,0.0
4.895,0.0,0.0,0.0
4.905,0.0,0.0,0.0
4.915,0.0,0.0,0.0
4.925,0.0,0.0,0.0
4.9350000000000005,0.0,0.0,0.0
4.945,0.0,0.0,0.0
4.955,0.0,0.0,0.0
4.965,0.0,0.0,0.0
4.975,0.0,0.0,0.0
4.985,0.0,0.0,0.0
4.995,0.0,0.0,0.0
5.005,0.0,0.0,0.0
5.015000000000001,0.0,0.0,0.0
5.025,0.0,0.0,0.0
5.035,0.0,0.0,0.0
5.045,0.0,0.0,0.0
5.055,0.0,0.0,0.0
5.065,0.0,0.0,0.0
5.075,0.0,0.0,0.0
5.085,0.0,0.0,0.0
5.095000000000001,0.0,0.0,0.0
5.105,0.0,0.0,0.0
5.115,0.0,0.0,0.0
5.125,0.0,0.0,0.0
5.135,0.0,0.0,0.0
5.145,0.0,0.0,0.0
5.155,0.0,0.0,0.0
5.165,0.0,0.0,0.0
5.175,0.0,0.0,0.0
5.1850000000000005,0.0,0.0,0.0
5.195,0.0,0.0,0.0
5.205,0.0,0.0,0.0
5.215,0.0,0.0,0.0
5.225,0.0,0.0,0.0
5.235,0.0,0.0,0.0
5.245,0.0,0.0,0.0
5.255,0.0,0.0,0.0
5.265000000000001,0.0,0.0,0.0
5.275,0.0,0.0,0.0
5.285,0.0,0.0,0.0
5.295,0.0,0.0,0.0
5.305,0.0,0.0,0.0
5.315,0.0,0.0,0.0
5.325,0.0,0.0,0.0
5.335,0.0,0.0,0.0
5.345000000000001,0.0,0.0,0.0
5.355,0.0,0.0,0.0
5.365,0.0,0.0,0.0
5.375,0.0,0.0,0.0
5.385,0.0,0.0,0.0
5.395,0.0,0.0,0.0
5.405,0.0,0.0,0.0
5.415,0.0,0.0,0.0
5.425,0.0,0.0,0.0
5.4350000000000005,0.0,0.0,0.0
5.445,0.0,0.0,0.0
5.455,0.0,0.0,0.0
5.465,0.0,0.0,0.0
5.475,0.0,0.0,0.0
5.485,0.0,0.0,0.0
5.495,0.0,0.0,0.0
5.505,0.0,0.0,0.0
5.515000000000001,0.0,0.0,0.0
5.525,0.0,0.0,0.0
5.535,0.0,0.0,0.0
5.545,0.0,0.0,0.0
5.555,0.0,0.0,0.0
5.565,0.0,0.0,0.0
5.575,0.0,0.0,0.0
5.585,0.0,0.0,0.0
5.595000000000001,0.0,0.0,0.0
5.605,0.0,0.0,0.0
5.615,0.0,0.0,0.0
5.625,0.0,0.0,0.0
5.635,0.0,0.0,0.0
5.645,0.0,0.0,0.0
5.655,0.0,0.0,0.0
5.665,0.0,0.0,0.0
5.675,0.0,0.0,0.0
5.6850000000000005,0.0,0.0,0.0
5.695,0.0,0.0,0.0
5.705,0.0,0.0,0.0
5.715,0.0,0.0,0.0
5.725,0.0,0.0,0.0
5.735,0.0,0.0,0.0
5.745,0.0,0.0,0.0
5.755,0.0,0.0,0.0
5.765000000000001,0.0,0.0,0.0
5.775,0.0,0.0,0.0
5.785,0.0,0.0,0.0
5.795,0.0,0.0,0.0
5.805,0.0,0.0,0.0
5.815,0.0,0.0,0.0
5.825,0.0,0.0,0.0
5.835,0.0,0.0,0.0
5.845000000000001,0.0,0.0,0.0
5.855,0.0,0.0,0.0
5.865,0.0,0.0,0.0
5.875,0.0,0.0,0.0
5.885,0.0,0.0,0.0
5.895,0.0,0.0,0.0
5.905,0.0,0.0,0.0
5.915,0.0,0.0,0.0
5.925,0.0,0.0,0.0
5.9350000000000005,0.0,0.0,0.0
5.945,0.0,0.0,0.0
5.955,0.0,0.0,0.0
5.965,0.0,0.0,0.0
5.975,0.0,0.0,0.0
5.985,0.0,0.0,0.0
5.995,0.0,0.0,0.0
6.005,0.0,0.0,0.0
6.015000000000001,0.0,0.0,0.0
6.025,0.0,0.0,0.0
6.035,0.0,0.0,0.0
6.045,0.0,0.0,0.0
6.055,0.0,0.0,0.0
6.065,0.0,0.0,0.0
6.075,0.0,0.0,0.0
6.085,0.0,0.0,0.0
6.095000000000001,0.0,0.0,0.0
6.105,0.0,0.0,0.0
6.115,0.0,0.0,0.0
6.125,0.0,0.0,0.0
6.135,0.0,0.0,0.0
6.1450000000000005,0.0,0.0,0.0
6.155,0.0,0.0,0.0
6.165,0.0,0.0,0.0
6.175,0.0,0.0,0.0
6.1850000000000005,0.0,0.0,0.0
6.195,0.0,0.0,0.0
6.205,0.0,0.0,0.0
6.215,0.0,0.0,0.0
6.225,0.0,0.0,0.0
6.235,0.0,0.0,0.0
6.245,0.0,0.0,0.0
6.255,0.0,0.0,0.0
6.265000000000001,0.0,0.0,0.0
6.275,0.0,0.0,0.0
6.285,0.0,0.0,0.0
6.295,0.0,0.0,0.0
6.305,0.0,0.0,0.0
6.315,0.0,0.0,0.0
6.325,0.0,0.0,0.0
6.335,0.0,0.0,0.0
6.345000000000001,0.0,0.0,0.0
6.355,0.0,0.0,0.0
6.365,0.0,0.0,0.0
6.375,0.0,0.0,0.0
6.385,0.0,0.0,0.0
6.3950000000000005,0.0,0.0,0.0
6.405,0.0,0.0,0.0
6.415,0.0,0.0,0.0
6.425,0.0,0.0,0.0
6.4350000000000005,0.0,0.0,0.0
6.445,0.0,0.0,0.0
6.455,0.0,0.0,0.0
6.465,0.0,0.0,0.0
6.475,0.0,0.0,0.0
6.485,0.0,0.0,0.0
6.495,0.0,0.0,0.0
6.505,0.0,0.0,0.0
6.515000000000001,0.0,0.0,0.0
6.525,0.0,0.0,0.0
6.535,0.0,0.0,0.0
6.545,0.0,0.0,0.0
6.555,0.0,0.0,0.0
6.565,0.0,0.0,0.0
6.575,0.0,0.0,0.0
6.585,0.0,0.0,0.0
6.595000000000001,0.0,0.0,0.0
6.605,0.0,0.0,0.0
6.615,0.0,0.0,0.0
6.625,0.0,0.0,0.0
6.635,0.0,0.0,0.0
6.6450000000000005,0.0,0.0,0.0
6.655,0.0,0.0,0.0
6.665,0.0,0.0,0.0
6.675,0.0,0.0,0.0
6.6850000000000005,0.0,0.0,0.0
6.695,0.0,0.0,0.0
6.705,0.0,0.0,0.0
6.715,0.0,0.0,0.0
6.725,0.0,0.0,0.0
6.735,0.0,0.0,0.0
6.745,0.0,0.0,0.0
6.755,0.0,0.0,0.0
6.765000000000001,0.0,0.0,0.0
6.775,0.0,0.0,0.0
6.785,0.0,0.0,0.0
6.795,0.0,0.0,0.0
6.805,0.0,0.0,0.0
6.815,0.0,0.0,0.0
6.825,0.0,0.0,0.0
6.835,0.0,0.0,0.0
6.845000000000001,0.0,0.0,0.0
6.855,0.0,0.0,0.0
6.865,0.0,0.0,0.0
6.875,0.0,0.0,0.0
6.885,0.0,0.0,0.0
6.8950000000000005,0.0,0.0,0.0
6.905,0.0,0.0,0.0
6.915,0.0,0.0,0.0
6.925,0.0,0.0,0.0
6.9350000000000005,0.0,0.0,0.0
6.945,0.0,0.0,0.0
6.955,0.0,0.0,0.0
6.965,0.0,0.0,0.0
6.975,0.0,0.0,0.0
6.985,0.0,0.0,0.0
6.995,0.0,0.0,0.0
7.005,0.0,0.0,0.0
7.015000000000001,0.0,0.0,0.0
7.025,0.0,0.0,0.0
7.035,0.0,0.0,0.0
7.045,0.0,0.0,0.0
7.055,0.0,0.0,0.0
7.065,0.0,0.0,0.0
7.075,0.0,0.0,0.0
7.085,0.0,0.0,0.0
7.095000000000001,0.0,0.0,0.0
7.105,0.0,0.0,0.0
7.115,0.0,0.0,0.0
7.125,0.0,0.0,0.0
7.135,0.0,0.0,0.0
7.1450000000000005,0.0,0.0,0.0
7.155,0.0,0.0,0.0
7.165,0.0,0.0,0.0
7.175,0.0,0.0,0.0
7.1850000000000005,0.0,0.0,0.0
7.195,0.0,0.0,0.0
7.205,0.0,0.0,0.0
7.215,0.0,0.0,0.0
7.225,0.0,0.0,0.0
7.235,0.0,0.0,0.0
7.245,0.0,0.0,0.0
7.255,0.0,0.0,0.0
7.265000000000001,0.0,0.0,0.0
7.275,0.0,0.0,0.0
7.285,0.0,0.0,0.0
7.295,0.0,0.0,0.0
7.305,0.0,0.0,0.0
7.315,0.0,0.0,0.0
7.325,0.0,0.0,0.0
7.335,0.0,0.0,0.0
7.345000000000001,0.0,0.0,0.0
7.355,0.0,0.0,0.0
7.365,0.0,0.0,0.0
7.375,0.0,0.0,0.0
7.385,0.0,0.0,0.0
7.3950000000000005,0.0,0.0,0.0
7.405,0.0,0.0,0.0
7.415,0.0,0.0,0.0
7.425,0.0,0.0,0.0
7.4350000000000005,0.0,0.0,0.0
7.445,0.0,0.0,0.0
7.455,0.0,0.0,0.0
7.465,0.0,0.0,0.0
7.475,0.0,0.0,0.0
7.485,0.0,0.0,0.0
7.495,0.0,0.0,0.0
7.505,0.0,0.0,0.0
7.515000000000001,0.0,0.0,0.0
7.525,0.0,0.0,0.0
7.535,0.0,0.0,0.0
7.545,0.0,0.0,0.0
7.555,0.0,0.0,0.0
7.565,0.0,0.0,0.0
7.575,0.0,0.0,0.0
7.585,0.0,0.0,0.0
7.595000000000001,0.0,0.0,0.0
7.605,0.0,0.0,0.0
7.615,0.0,0.0,0.0
7.625,0.0,0.0,0.0
7.635,0.0,0.0,0.0
7.6450000000000005,0.0,0.0,0.0
7.655,0.0,0.0,0.0
7.665,0.0,0.0,0.0
7.675,0.0,0.0,0.0
7.6850000000000005,0.0,0.0,0.0
7.695,0.0,0.0,0.0
7.705,0.0,0.0,0.0
7.715,0.0,0.0,0.0
7.725,0.0,0.0,0.0
7.735,0.0,0.0,0.0
7.745,0.0,0.0,0.0
7.755,0.0,0.0,0.0
7.765000000000001,0.0,0.0,0.0
7.775,0.0,0.0,0.0
7.785,0.0,0.0,0.0
7.795,0.0,0.0,0.0
7.805,0.0,0.0,0.0
7.815,0.0,0.0,0.0
7.825,0.0,0.0,0.0
7.835,0.0,0.0,0.0
7.845000000000001,0.0,0.0,0.0
7.855,0.0,0.0,0.0
7.865,0.0,0.0,0.0
7.875,0.0,0.0,0.0
7.885,0.0,0.0,0.0
7.8950000000000005,0.0,0.0,0.0
7.905,0.0,0.0,0.0
7.915,0.0,0.0,0.0
7.925000000000001,0.0,0.0,0.0
7.9350000000000005,0.0,0.0,0.0
7.945,0.0,0.0,0.0
7.955,0.0,0.0,0.0
7.965,0.0,0.0,0.0
7.975,0.0,0.0,0.0
7.985,0.0,0.0,0.0
7.995,0.0,0.0,0.0
8.004999999999999,0.0,0.0,0.0
8.015,0.0,0.0,0.0
8.024999999999999,0.0,0.0,0.0
8.035,0.0,0.0,0.0
8.045000000000002,0.0,0.0,0.0
8.055,0.0,0.0,0.0
8.065000000000001,0.0,0.0,0.0
8.075,0.0,0.0,0.0
8.085,0.0,0.0,0.0
8.094999999999999,0.0,0.0,0.0
8.105,0.0,0.0,0.0
8.115,0.0,0.0,0.0
8.125,0.0,0.0,0.0
8.135000000000002,0.0,0.0,0.0
8.145,0.0,0.0,0.0
8.155000000000001,0.0,0.0,0.0
8.165,0.0,0.0,0.0
8.175,0.0,0.0,0.0
8.184999999999999,0.0,0.0,0.0
8.195,0.0,0.0,0.0
8.205,0.0,0.0,0.0
8.215,0.0,0.0,0.0
8.225000000000001,0.0,0.0,0.0
8.235,0.0,0.0,0.0
8.245000000000001,0.0,0.0,0.0
8.254999999999999,0.0,0.0,0.0
8.265,0.0,0.0,0.0
8.274999999999999,0.0,0.0,0.0
8.285,0.0,0.0,0.0
8.295000000000002,0.0,0.0,0.0
8.305,0.0,0.0,0.0
8.315000000000001,0.0,0.0,0.0
8.325,0.0,0.0,0.0
8.335,0.0,0.0,0.0
8.344999999999999,0.0,0.0,0.0
8.355,0.0,0.0,0.0
8.365,0.0,0.0,0.0
8.375,0.0,0.0,0.0
8.385000000000002,0.0,0.0,0.0
8.395,0.0,0.0,0.0
8.405000000000001,0.0,0.0,0.0
8.415,0.0,0.0,0.0
8.425,0.0,0.0,0.0
8.434999999999999,0.0,0.0,0.0
8.445,0.0,0.0,0.0
8.455,0.0,0.0,0.0
8.465,0.0,0.0,0.0
8.475000000000001,0.0,0.0,0.0
8.485,0.0,0.0,0.0
8.495000000000001,0.0,0.0,0.0
8.504999999999999,0.0,0.0,0.0
8.515,0.0,0.0,0.0
8.524999999999999,0.0,0.0,0.0
8.535,0.0,0.0,0.0
8.545000000000002,0.0,0.0,0.0
8.555,0.0,0.0,0.0
8.565000000000001,0.0,0.0,0.0
8.575,0.0,0.0,0.0
8.585,0.0,0.0,0.0
8.594999999999999,0.0,0.0,0.0
8.605,0.0,0.0,0.0
8.615,0.0,0.0,0.0
8.625,0.0,0.0,0.0
8.635000000000002,0.0,0.0,0.0
8.645,0.0,0.0,0.0
8.655000000000001,0.0,0.0,0.0
8.665,0.0,0.0,0.0
8.675,0.0,0.0,0.0
8.684999999999999,0.0,0.0,0.0
8.695,0.0,0.0,0.0
8.705000000000002,0.0,0.0,0.0
8.715,0.0,0.0,0.0
8.725000000000001,0.0,0.0,0.0
8.735,0.0,0.0,0.0
8.745000000000001,0.0,0.0,0.0
8.754999999999999,0.0,0.0,0.0
8.765,0.0,0.0,0.0
8.774999999999999,0.0,0.0,0.0
8.785,0.0,0.0,0.0
8.795000000000002,0.0,0.0,0.0
8.805,0.0,0.0,0.0
8.815000000000001,0.0,0.0,0.0
8.825,0.0,0.0,0.0
8.835,0.0,0.0,0.0
8.844999999999999,0.0,0.0,0.0
8.855,0.0,0.0,0.0
8.865,0.0,0.0,0.0
8.875,0.0,0.0,0.0
8.885000000000002,0.0,0.0,0.0
8.895,0.0,0.0,0.0
8.905000000000001,0.0,0.0,0.0
8.915,0.0,0.0,0.0
8.925,0.0,0.0,0.0
8.934999999999999,0.0,0.0,0.0
8.945,0.0,0.0,0.0
8.955000000000002,0.0,0.0,0.0
8.965,0.0,0.0,0.0
8.975000000000001,0.0,0.0,0.0
8.985,0.0,0.0,0.0
8.995000000000001,0.0,0.0,0.0
9.004999999999999,0.0,0.0,0.0
9.015,0.0,0.0,0.0
9.024999999999999,0.0,0.0,0.0
9.035,0.0,0.0,0.0
9.045000000000002,0.0,0.0,0.0
9.055,0.0,0.0,0.0
9.065000000000001,0.0,0.0,0.0
9.075,0.0,0.0,0.0
9.085,0.0,0.0,0.0
9.094999999999999,0.0,0.0,0.0
9.105,0.0,0.0,0.0
9.115,0.0,0.0,0.0
9.125,0.0,0.0,0.0
9.135000000000002,0.0,0.0,0.0
9.145,0.0,0.0,0.0
9.155000000000001,0.0,0.0,0.0
9.165,0.0,0.0,0.0
9.175,0.0,0.0,0.0
9.184999999999999,0.0,0.0,0.0
9.195,0.0,0.0,0.0
9.205000000000002,0.0,0.0,0.0
9.215,0.0,0.0,0.0
9.225000000000001,0.0,0.0,0.0
9.235,0.0,0.0,0.0
9.245000000000001,0.0,0.0,0.0
9.254999999999999,0.0,0.0,0.0
9.265,0.0,0.0,0.0
9.274999999999999,0.0,0.0,0.0
9.285,0.0,0.0,0.0
9.295000000000002,0.0,0.0,0.0
9.305,0.0,0.0,0.0
9.315000000000001,0.0,0.0,0.0
9.325,0.0,0.0,0.0
9.335,0.0,0.0,0.0
9.344999999999999,0.0,0.0,0.0
9.355,0.0,0.0,0.0
9.365,0.0,0.0,0.0
9.375,0.0,0.0,0.0
9.385000000000002,0.0,0.0,0.0
9.395,0.0,0.0,0.0
9.405000000000001,0.0,0.0,0.0
9.415,0.0,0.0,0.0
9.425,0.0,0.0,0.0
9.434999999999999,0.0,0.0,0.0
9.445,0.0,0.0,0.0
9.455000000000002,0.0,0.0,0.0
9.465,0.0,0.0,0.0
9.475000000000001,0.0,0.0,0.0
9.485,0.0,0.0,0.0
9.495000000000001,0.0,0.0,0.0
9.504999999999999,0.0,0.0,0.0
9.515,0.0,0.0,0.0
9.524999999999999,0.0,0.0,0.0
9.535,0.0,0.0,0.0
9.545000000000002,0.0,0.0,0.0
9.555,0.0,0.0,0.0
9.565000000000001,0.0,0.0,0.0
9.575,0.0,0.0,0.0
9.585,0.0,0.0,0.0
9.594999999999999,0.0,0.0,0.0
9.605,0.0,0.0,0.0
9.615,0.0,0.0,0.0
9.625,0.0,0.0,0.0
9.635000000000002,0.0,0.0,0.0
9.645,0.0,0.0,0.0
9.655000000000001,0.0,0.0,0.0
9.665,0.0,0.0,0.0
9.675,0.0,0.0,0.0
9.684999999999999,0.0,0.0,0.0
9.695,0.0,0.0,0.0
9.705000000000002,0.0,0.0,0.0
9.715,0.0,0.0,0.0
9.725000000000001,0.0,0.0,0.0
9.735,0.0,0.0,0.0
9.745000000000001,0.0,0.0,0.0
9.754999999999999,0.0,0.0,0.0
9.765,0.0,0.0,0.0
9.774999999999999,0.0,0.0,0.0
9.785,0.0,0.0,0.0
9.795000000000002,0.0,0.0,0.0
9.805,0.0,0.0,0.0
9.815000000000001,0.0,0.0,0.0
9.825,0.0,0.0,0.0
9.835,0.0,0.0,0.0
9.844999999999999,0.0,0.0,0.0
9.855,0.0,0.0,0.0
9.865,0.0,0.0,0.0
9.875,0.0,0.0,0.0
9.885000000000002,0.0,0.0,0.0
9.895,0.0,0.0,0.0
9.905000000000001,0.0,0.0,0.0
9.915,0.0,0.0,0.0
9.925,0.0,0.0,0.0
9.934999999999999,0.0,0.0,0.0
9.945,0.0,0.0,0.0
9.955000000000002,0.0,0.0,0.0
9.965,0.0,0.0,0.0
9.975000000000001,0.0,0.0,0.0
9.985,0.0,0.0,0.0
9.995000000000001,0.0,0.0,0.0
